k,silhouette_mean,silhouette_std,davies_bouldin_mean,davies_bouldin_std
10,0.4115439433647164,0.0018385968638406935,0.7834307447623597,0.006993366533488699
